"Title","ID","Created date","Updated date","Owner"
"16-081이종현 체육6 2 345 ","7147128d-75c7-42d4-a1f0-9bf97904fd07",2018-06-07T06:31:29Z,2018-06-07T06:31:29Z,
" 체육2 4 5 ","a938260a-2d7f-4563-b295-c5629818617e",2018-06-07T05:50:29Z,2018-06-07T05:50:29Z,
"19-007G 체육4 4 136 ","94db48d1-ba99-492b-81b1-657e0c31b9b5",2018-06-07T05:34:03Z,2018-06-07T05:47:08Z,
"19-006F 체육2 6 1 ","cea2429f-bc8e-4b1f-aebf-2e21b2c35404",2018-06-07T05:33:47Z,2018-06-07T05:47:10Z,
"19-005E 체육2 5 16 ","09f9cbb6-9e8d-48f8-a49c-30b86e3c3030",2018-06-07T05:33:36Z,2018-06-07T05:47:12Z,
"19-004D 체육2 4 15 ","ea017d5f-ad91-4dd4-9aa9-322341150434",2018-06-07T05:33:26Z,2018-06-07T05:47:16Z,
"19-003C 체육2 3 14 ","e361301a-7784-482e-8177-2bb0206e7491",2018-06-07T05:33:04Z,2018-06-07T05:47:18Z,
"19-002B 체육2 2 3 ","c9c4600d-bd64-449e-932b-92b8f9f9f24d",2018-06-07T05:32:49Z,2018-06-07T05:47:21Z,
"19-001A 체육2 1 2 ","c9f19344-cfc7-4638-bc74-a44ce7195612",2018-06-07T05:32:37Z,2018-06-07T05:47:25Z,
